{"_wandb":{"runtime":10},"_step":1,"cohere_retrieval_time":1.7612788677215576,"_timestamp":1.742124757825771e+09,"_runtime":10.1518101,"cohere_sample_0_metrics":{"EM":0,"F1":0,"BLEU":0,"ROUGE":0}}