{"_wandb":{"runtime":12},"_step":1,"cohere_retrieval_time":2.6140148639678955,"_timestamp":1.7421252329162052e+09,"_runtime":12.426964,"cohere_sample_0_metrics":{"ROUGE":0,"EM":0,"F1":0,"BLEU":0}}