{"_runtime":10.5949427,"_step":1,"cohere_sample_0_metrics":{"BLEU":0,"ROUGE":0,"EM":0,"F1":0},"_wandb":{"runtime":10},"cohere_retrieval_time":1.5166609287261963,"_timestamp":1.7421253523713968e+09}