{"_step":1,"cohere_sample_0_metrics":{"EM":0,"F1":0,"BLEU":0,"ROUGE":0},"_wandb":{"runtime":16},"cohere_retrieval_time":1.834742784500122,"_timestamp":1.7421250026922016e+09,"_runtime":15.910984299999999}